ISO3,NewConn_Grid,NewConn_SHS,NewConn_MG,NewConn_Total,Grid_viable_%,SHS_%,MiniGrid_%,OffGrid_viable_%
SOM,0,2093694,13831097,15924791,0.0,13.1,86.9,100.0
SSD,364864,4646212,11728370,16739446,2.2,27.8,70.1,97.8
TCD,1853222,7324170,10360000,19537392,9.5,37.5,53.0,90.5
CAF,672326,2020808,1865566,4558700,14.7,44.3,40.9,85.3
SDN,10469152,17187377,5039495,32696024,32.0,52.6,15.4,68.0
ETH,29405212,56313492,2167676,87886380,33.5,64.1,2.5,66.5
ZMB,6288613,10915936,337998,17542548,35.8,62.2,1.9,64.2
MOZ,12657346,19446285,614765,32718395,38.7,59.4,1.9,61.3
MDG,11759158,10083331,6653081,28495569,41.3,35.4,23.3,58.7
TZA,27668206,34067286,701254,62436746,44.3,54.6,1.1,55.7
NER,13974209,15393628,1365271,30733108,45.5,50.1,4.4,54.5
NAM,894610,934901,46550,1876061,47.7,49.8,2.5,52.3
COM,167805,24257,157188,349250,48.0,6.9,45.0,52.0
MLI,8412614,7468410,868327,16749351,50.2,44.6,5.2,49.8
GMB,782510,434522,326186,1543219,50.7,28.2,21.1,49.3
COD,52908955,42656823,7860572,103426350,51.2,41.2,7.6,48.8
GNB,1005528,638754,283483,1927764,52.2,33.1,14.7,47.8
GIN,6926402,4406237,1587024,12919663,53.6,34.1,12.3,46.4
BFA,13146912,8195304,3030242,24372458,53.9,33.6,12.4,46.1
COG,2200964,620628,1019613,3841204,57.3,16.2,26.5,42.7
ZWE,8939941,5923077,570013,15433030,57.9,38.4,3.7,42.1
UGA,26027542,16147725,2181427,44356694,58.7,36.4,4.9,41.3
NGA,87396815,57986071,2215544,147598430,59.2,39.3,1.5,40.8
LBR,3073283,1542279,569796,5185358,59.3,29.7,11.0,40.7
BDI,8732910,5433293,324637,14490840,60.3,37.5,2.2,39.7
SEN,6674046,3015245,1215459,10904750,61.2,27.7,11.1,38.8
KEN,16984153,8603174,1044413,26631740,63.8,32.3,3.9,36.2
ZAF,7393615,4006188,51089,11450892,64.6,35.0,0.4,35.4
SLE,4945164,1291900,1400469,7637533,64.7,16.9,18.3,35.3
MWI,15622939,6678898,833014,23134850,67.5,28.9,3.6,32.5
ERI,3364678,696567,897629,4958874,67.9,14.0,18.1,32.1
RWA,8022522,2798621,879657,11700800,68.6,23.9,7.5,31.4
LSO,1104444,383324,113452,1601220,69.0,23.9,7.1,31.0
BEN,7424257,2948292,224846,10597395,70.1,27.8,2.1,29.9
CMR,11549408,4696995,88895,16335298,70.7,28.8,0.5,29.3
TGO,4516051,1693509,50553,6260113,72.1,27.1,0.8,27.9
MRT,3003279,826593,275390,4105261,73.2,20.1,6.7,26.8
AGO,22613552,5601454,2266296,30481302,74.2,18.4,7.4,25.8
STP,88292,3712,23652,115656,76.3,3.2,20.5,23.7
BWA,1007252,258557,14630,1280440,78.7,20.2,1.1,21.3
DJI,450451,76805,8702,535958,84.0,14.3,1.6,16.0
CIV,13390789,2068977,359997,15819763,84.6,13.1,2.3,15.4
SWZ,662557,114084,2398,779040,85.0,14.6,0.3,15.0
GAB,474445,54820,13980,543245,87.3,10.1,2.6,12.7
GHA,10570670,880461,363029,11814160,89.5,7.5,3.1,10.5
GNQ,909550,23261,11623,944434,96.3,2.5,1.2,3.7
