ISO3,n_settlements,total_pop,unelec_share_Q1,unelec_share_Q2,unelec_share_Q3,unelec_share_Q4,unelec_share_Q5,had_nan
KEN,52541,55194826,0.5665,0.0502,0.0663,0.084,0.0115,False
ZMB,22948,20447751,0.9131,0.5834,0.0747,0.0134,0.0015,False
ETH,153530,127433354,0.9707,0.9042,0.7379,0.4152,0.13,False
TZA,125049,65532935,0.677,0.5095,0.1958,0.0321,0.0428,False
MOZ,52425,33104551,0.854,0.6502,0.269,0.0677,0.0074,False
NGA,147189,225853957,0.8729,0.556,0.1874,0.0407,0.0225,False
UGA,66760,48482741,0.9326,0.7729,0.4449,0.2508,0.0153,False
MDG,51633,30586710,0.9965,0.919,0.6829,0.2224,0.0209,False
BFA,58233,22715347,0.9071,0.733,0.4688,0.2335,0.0116,False
NER,69926,24784577,0.9489,0.8965,0.8161,0.6937,0.1515,False
MLI,43768,22836250,0.9085,0.7499,0.4665,0.0684,0.0021,False
GHA,21607,33250368,0.2252,0.0331,0.0103,0.00585,0.0014,True
CMR,24465,28031747,0.8235,0.3816,0.0838,0.0324,0.0082,False
SEN,17460,17586788,0.6147,0.3652,0.0973,0.017,0.0039,False
ZWE,66577,16155342,0.9851,0.9196,0.64,0.1079,0.0046,False
MWI,41977,21046884,0.9246,0.8303,0.7003,0.5496,0.1644,False
AGO,23950,33580412,0.0,0.0,0.0,0.0,0.0,False
ZAF,64942,62742679,0.2246,0.0248,0.0076,0.0045,0.0027,False
RWA,8978,13950750,0.7043,0.4811,0.3428,0.1417,0.0687,False
BEN,16146,13951919,0.7546,0.3935,0.182,0.0356,0.0105,False
TGO,8712,9138974,0.6389,0.3971,0.166,0.0568,0.0017,False
DJI,200,1147026,0.157,0.2388,0.16086666666666666,0.08293333333333333,0.005,True
GIN,22627,13991768,0.9536,0.836,0.537,0.1407,0.004,False
SLE,14516,8218305,0.9695,0.818,0.2987,0.1048,0.0089,False
LBR,4634,5371551,0.947,0.4584,0.089,0.045399999999999996,0.0018,True
TCD,39936,17438526,0.9879,0.9706,0.9049,0.5934,0.2251,False
COD,56369,99887998,0.9797,0.9208,0.6695,0.1386,0.0091,False
COG,1775,5910726,0.451,0.045,0.02275,0.0005,0.0007,True
SSD,18,130978,1.0,1.0,0.6666666666666667,0.33333333333333337,0.0,True
NAM,6317,2853046,0.5853,0.0355,0.0205,0.0087,0.0043,False
BWA,2270,2470464,0.0721,0.0069,0.0036,0.0046,0.0033,False
LSO,7338,2296362,0.9609,0.7711,0.4738,0.0729,0.0036,False
SWZ,7519,1224027,0.7648,0.5157,0.3776,0.1821,0.0325,False
GMB,1438,2651304,0.6439,0.1587,0.0587,0.02935,0.0,True
GNB,2593,2043270,0.9339,0.9134,0.4485,0.365,0.0057,False
MRT,4853,4902045,0.8283,0.3912,0.0717,0.0379,0.0041,True
BDI,19694,13688754,0.9085,0.853,0.8257,0.6298,0.1812,False
CAF,3660,4674952,0.9854,0.9135,0.5454,0.256,0.014,False
ERI,3432,3405864,0.9707,0.884,0.5704,0.3897,0.1062,False
GNQ,1113,1823869,0.5226,0.1904,0.10405,0.0177,0.0058,True
GAB,629,2370839,0.0704,0.0031,0.0021333333333333334,0.0011666666666666668,0.0002,True
CIV,22873,30552657,0.4211,0.1628,0.0356,0.0185,0.0029,False
COM,236,846011,0.7497,0.4861,0.4176,0.2701,0.0057,False
STP,151,230690,0.2316,0.17435,0.1171,0.05984999999999999,0.0026,True
SDN,23,72622,1.0,1.0,0.6173,0.2346,1.0,True
SOM,50,454934,1.0,0.0703,0.2271,0.0,0.0043,False
